AT,V,AP,RH,PE_pred
25,51.0,1012,91,442.5053846153847
31,60.0,1005,50,437.89812500000005
20,47.0,1003,83,454.8315384615384
38,67.0,1008,70,433.7423469387754
23,,1013,54,449.0466666666667
